<?xml version="1.0" encoding="UTF-8"?>
<project-private xmlns="http://www.netbeans.org/ns/project-private/1">
    <editor-bookmarks xmlns="http://www.netbeans.org/ns/editor-bookmarks/2" lastBookmarkId="0"/>
    <open-files xmlns="http://www.netbeans.org/ns/projectui-open-files/2">
        <group>
            <file>file:/D:/Documents/MCA/MCA-202/WebApplication5/src/java/entity/User.java</file>
            <file>file:/D:/Documents/MCA/MCA-202/WebApplication5/src/java/servlet/FetchStudent.java</file>
            <file>file:/D:/Documents/MCA/MCA-202/WebApplication5/web/index.jsp</file>
            <file>file:/D:/Documents/MCA/MCA-202/WebApplication5/src/java/dao/UserDAO.java</file>
        </group>
    </open-files>
</project-private>
